<annotation>
	<folder>sol2</folder>
	<filename>solar_37.JPG</filename>
	<path>C:\temp\sol2\solar_37.JPG</path>
	<source>
		<database>Unknown</database>
	</source>
	<size>
		<width>901</width>
		<height>791</height>
		<depth>3</depth>
	</size>
	<segmented>0</segmented>
	<object>
		<name>solar</name>
		<pose>Unspecified</pose>
		<truncated>0</truncated>
		<difficult>0</difficult>
		<bndbox>
			<xmin>21</xmin>
			<ymin>239</ymin>
			<xmax>505</xmax>
			<ymax>563</ymax>
		</bndbox>
	</object>
	<object>
		<name>solar</name>
		<pose>Unspecified</pose>
		<truncated>1</truncated>
		<difficult>0</difficult>
		<bndbox>
			<xmin>640</xmin>
			<ymin>18</ymin>
			<xmax>901</xmax>
			<ymax>250</ymax>
		</bndbox>
	</object>
</annotation>
