<annotation>
	<folder>sol2</folder>
	<filename>solar_98.JPG</filename>
	<path>C:\temp\sol2\solar_98.JPG</path>
	<source>
		<database>Unknown</database>
	</source>
	<size>
		<width>901</width>
		<height>791</height>
		<depth>3</depth>
	</size>
	<segmented>0</segmented>
	<object>
		<name>solar</name>
		<pose>Unspecified</pose>
		<truncated>1</truncated>
		<difficult>0</difficult>
		<bndbox>
			<xmin>1</xmin>
			<ymin>229</ymin>
			<xmax>20</xmax>
			<ymax>610</ymax>
		</bndbox>
	</object>
	<object>
		<name>solar</name>
		<pose>Unspecified</pose>
		<truncated>0</truncated>
		<difficult>0</difficult>
		<bndbox>
			<xmin>739</xmin>
			<ymin>536</ymin>
			<xmax>826</xmax>
			<ymax>566</ymax>
		</bndbox>
	</object>
</annotation>
