<annotation>
	<folder>sol2</folder>
	<filename>solar_272.JPG</filename>
	<path>C:\temp\sol2\solar_272.JPG</path>
	<source>
		<database>Unknown</database>
	</source>
	<size>
		<width>901</width>
		<height>791</height>
		<depth>3</depth>
	</size>
	<segmented>0</segmented>
	<object>
		<name>solar</name>
		<pose>Unspecified</pose>
		<truncated>0</truncated>
		<difficult>0</difficult>
		<bndbox>
			<xmin>304</xmin>
			<ymin>583</ymin>
			<xmax>444</xmax>
			<ymax>652</ymax>
		</bndbox>
	</object>
	<object>
		<name>solar</name>
		<pose>Unspecified</pose>
		<truncated>0</truncated>
		<difficult>0</difficult>
		<bndbox>
			<xmin>300</xmin>
			<ymin>584</ymin>
			<xmax>441</xmax>
			<ymax>625</ymax>
		</bndbox>
	</object>
	<object>
		<name>solar</name>
		<pose>Unspecified</pose>
		<truncated>0</truncated>
		<difficult>0</difficult>
		<bndbox>
			<xmin>294</xmin>
			<ymin>619</ymin>
			<xmax>441</xmax>
			<ymax>652</ymax>
		</bndbox>
	</object>
</annotation>
