<annotation>
	<folder>sol2</folder>
	<filename>solar_179.JPG</filename>
	<path>C:\temp\sol2\solar_179.JPG</path>
	<source>
		<database>Unknown</database>
	</source>
	<size>
		<width>901</width>
		<height>791</height>
		<depth>3</depth>
	</size>
	<segmented>0</segmented>
	<object>
		<name>solar</name>
		<pose>Unspecified</pose>
		<truncated>1</truncated>
		<difficult>0</difficult>
		<bndbox>
			<xmin>1</xmin>
			<ymin>466</ymin>
			<xmax>279</xmax>
			<ymax>610</ymax>
		</bndbox>
	</object>
	<object>
		<name>solar</name>
		<pose>Unspecified</pose>
		<truncated>0</truncated>
		<difficult>0</difficult>
		<bndbox>
			<xmin>33</xmin>
			<ymin>193</ymin>
			<xmax>202</xmax>
			<ymax>317</ymax>
		</bndbox>
	</object>
</annotation>
