<annotation>
	<folder>sol2</folder>
	<filename>solar_62.JPG</filename>
	<path>C:\temp\sol2\solar_62.JPG</path>
	<source>
		<database>Unknown</database>
	</source>
	<size>
		<width>901</width>
		<height>791</height>
		<depth>3</depth>
	</size>
	<segmented>0</segmented>
	<object>
		<name>solar</name>
		<pose>Unspecified</pose>
		<truncated>0</truncated>
		<difficult>0</difficult>
		<bndbox>
			<xmin>399</xmin>
			<ymin>104</ymin>
			<xmax>590</xmax>
			<ymax>736</ymax>
		</bndbox>
	</object>
	<object>
		<name>solar</name>
		<pose>Unspecified</pose>
		<truncated>1</truncated>
		<difficult>0</difficult>
		<bndbox>
			<xmin>834</xmin>
			<ymin>417</ymin>
			<xmax>901</xmax>
			<ymax>679</ymax>
		</bndbox>
	</object>
</annotation>
