<annotation>
	<folder>sol2</folder>
	<filename>solar_240.JPG</filename>
	<path>C:\temp\sol2\solar_240.JPG</path>
	<source>
		<database>Unknown</database>
	</source>
	<size>
		<width>901</width>
		<height>791</height>
		<depth>3</depth>
	</size>
	<segmented>0</segmented>
	<object>
		<name>solar</name>
		<pose>Unspecified</pose>
		<truncated>0</truncated>
		<difficult>0</difficult>
		<bndbox>
			<xmin>718</xmin>
			<ymin>59</ymin>
			<xmax>773</xmax>
			<ymax>163</ymax>
		</bndbox>
	</object>
	<object>
		<name>solar</name>
		<pose>Unspecified</pose>
		<truncated>0</truncated>
		<difficult>0</difficult>
		<bndbox>
			<xmin>678</xmin>
			<ymin>633</ymin>
			<xmax>730</xmax>
			<ymax>731</ymax>
		</bndbox>
	</object>
</annotation>
