<annotation>
	<folder>sol2</folder>
	<filename>solar_253.JPG</filename>
	<path>C:\temp\sol2\solar_253.JPG</path>
	<source>
		<database>Unknown</database>
	</source>
	<size>
		<width>901</width>
		<height>791</height>
		<depth>3</depth>
	</size>
	<segmented>0</segmented>
	<object>
		<name>solar</name>
		<pose>Unspecified</pose>
		<truncated>0</truncated>
		<difficult>0</difficult>
		<bndbox>
			<xmin>401</xmin>
			<ymin>436</ymin>
			<xmax>578</xmax>
			<ymax>547</ymax>
		</bndbox>
	</object>
	<object>
		<name>solar</name>
		<pose>Unspecified</pose>
		<truncated>0</truncated>
		<difficult>0</difficult>
		<bndbox>
			<xmin>19</xmin>
			<ymin>263</ymin>
			<xmax>72</xmax>
			<ymax>363</ymax>
		</bndbox>
	</object>
</annotation>
