<annotation>
	<folder>sol2</folder>
	<filename>solar_26.JPG</filename>
	<path>C:\temp\sol2\solar_26.JPG</path>
	<source>
		<database>Unknown</database>
	</source>
	<size>
		<width>901</width>
		<height>791</height>
		<depth>3</depth>
	</size>
	<segmented>0</segmented>
	<object>
		<name>solar</name>
		<pose>Unspecified</pose>
		<truncated>0</truncated>
		<difficult>0</difficult>
		<bndbox>
			<xmin>674</xmin>
			<ymin>163</ymin>
			<xmax>804</xmax>
			<ymax>290</ymax>
		</bndbox>
	</object>
	<object>
		<name>solar</name>
		<pose>Unspecified</pose>
		<truncated>0</truncated>
		<difficult>0</difficult>
		<bndbox>
			<xmin>516</xmin>
			<ymin>573</ymin>
			<xmax>567</xmax>
			<ymax>623</ymax>
		</bndbox>
	</object>
	<object>
		<name>solar</name>
		<pose>Unspecified</pose>
		<truncated>0</truncated>
		<difficult>0</difficult>
		<bndbox>
			<xmin>570</xmin>
			<ymin>595</ymin>
			<xmax>609</xmax>
			<ymax>649</ymax>
		</bndbox>
	</object>
</annotation>
