<annotation>
	<folder>sol2</folder>
	<filename>solar_4.JPG</filename>
	<path>C:\temp\sol2\solar_4.JPG</path>
	<source>
		<database>Unknown</database>
	</source>
	<size>
		<width>901</width>
		<height>791</height>
		<depth>3</depth>
	</size>
	<segmented>0</segmented>
	<object>
		<name>solar</name>
		<pose>Unspecified</pose>
		<truncated>0</truncated>
		<difficult>0</difficult>
		<bndbox>
			<xmin>647</xmin>
			<ymin>294</ymin>
			<xmax>849</xmax>
			<ymax>458</ymax>
		</bndbox>
	</object>
	<object>
		<name>solar</name>
		<pose>Unspecified</pose>
		<truncated>0</truncated>
		<difficult>0</difficult>
		<bndbox>
			<xmin>556</xmin>
			<ymin>242</ymin>
			<xmax>615</xmax>
			<ymax>298</ymax>
		</bndbox>
	</object>
</annotation>
