<annotation>
	<folder>sol2</folder>
	<filename>solar_144.JPG</filename>
	<path>C:\temp\sol2\solar_144.JPG</path>
	<source>
		<database>Unknown</database>
	</source>
	<size>
		<width>901</width>
		<height>791</height>
		<depth>3</depth>
	</size>
	<segmented>0</segmented>
	<object>
		<name>solar</name>
		<pose>Unspecified</pose>
		<truncated>0</truncated>
		<difficult>0</difficult>
		<bndbox>
			<xmin>58</xmin>
			<ymin>521</ymin>
			<xmax>117</xmax>
			<ymax>588</ymax>
		</bndbox>
	</object>
	<object>
		<name>solar</name>
		<pose>Unspecified</pose>
		<truncated>0</truncated>
		<difficult>0</difficult>
		<bndbox>
			<xmin>160</xmin>
			<ymin>537</ymin>
			<xmax>242</xmax>
			<ymax>626</ymax>
		</bndbox>
	</object>
	<object>
		<name>solar</name>
		<pose>Unspecified</pose>
		<truncated>0</truncated>
		<difficult>0</difficult>
		<bndbox>
			<xmin>705</xmin>
			<ymin>150</ymin>
			<xmax>757</xmax>
			<ymax>200</ymax>
		</bndbox>
	</object>
</annotation>
