<annotation>
	<folder>sol2</folder>
	<filename>solar_108.JPG</filename>
	<path>C:\temp\sol2\solar_108.JPG</path>
	<source>
		<database>Unknown</database>
	</source>
	<size>
		<width>901</width>
		<height>791</height>
		<depth>3</depth>
	</size>
	<segmented>0</segmented>
	<object>
		<name>solar</name>
		<pose>Unspecified</pose>
		<truncated>0</truncated>
		<difficult>0</difficult>
		<bndbox>
			<xmin>79</xmin>
			<ymin>551</ymin>
			<xmax>108</xmax>
			<ymax>591</ymax>
		</bndbox>
	</object>
	<object>
		<name>solar</name>
		<pose>Unspecified</pose>
		<truncated>0</truncated>
		<difficult>0</difficult>
		<bndbox>
			<xmin>178</xmin>
			<ymin>529</ymin>
			<xmax>207</xmax>
			<ymax>572</ymax>
		</bndbox>
	</object>
</annotation>
