<annotation>
	<folder>sol2</folder>
	<filename>solar_279.JPG</filename>
	<path>C:\temp\sol2\solar_279.JPG</path>
	<source>
		<database>Unknown</database>
	</source>
	<size>
		<width>901</width>
		<height>791</height>
		<depth>3</depth>
	</size>
	<segmented>0</segmented>
	<object>
		<name>solar</name>
		<pose>Unspecified</pose>
		<truncated>0</truncated>
		<difficult>0</difficult>
		<bndbox>
			<xmin>411</xmin>
			<ymin>471</ymin>
			<xmax>489</xmax>
			<ymax>525</ymax>
		</bndbox>
	</object>
	<object>
		<name>solar</name>
		<pose>Unspecified</pose>
		<truncated>0</truncated>
		<difficult>0</difficult>
		<bndbox>
			<xmin>499</xmin>
			<ymin>508</ymin>
			<xmax>549</xmax>
			<ymax>566</ymax>
		</bndbox>
	</object>
	<object>
		<name>solar</name>
		<pose>Unspecified</pose>
		<truncated>0</truncated>
		<difficult>0</difficult>
		<bndbox>
			<xmin>689</xmin>
			<ymin>151</ymin>
			<xmax>737</xmax>
			<ymax>215</ymax>
		</bndbox>
	</object>
</annotation>
