<annotation>
	<folder>sol2</folder>
	<filename>solar_118.JPG</filename>
	<path>C:\temp\sol2\solar_118.JPG</path>
	<source>
		<database>Unknown</database>
	</source>
	<size>
		<width>901</width>
		<height>791</height>
		<depth>3</depth>
	</size>
	<segmented>0</segmented>
	<object>
		<name>solar</name>
		<pose>Unspecified</pose>
		<truncated>0</truncated>
		<difficult>0</difficult>
		<bndbox>
			<xmin>461</xmin>
			<ymin>132</ymin>
			<xmax>538</xmax>
			<ymax>226</ymax>
		</bndbox>
	</object>
	<object>
		<name>solar</name>
		<pose>Unspecified</pose>
		<truncated>0</truncated>
		<difficult>0</difficult>
		<bndbox>
			<xmin>450</xmin>
			<ymin>283</ymin>
			<xmax>571</xmax>
			<ymax>417</ymax>
		</bndbox>
	</object>
</annotation>
