<annotation>
	<folder>sol2</folder>
	<filename>solar_136.JPG</filename>
	<path>C:\temp\sol2\solar_136.JPG</path>
	<source>
		<database>Unknown</database>
	</source>
	<size>
		<width>901</width>
		<height>791</height>
		<depth>3</depth>
	</size>
	<segmented>0</segmented>
	<object>
		<name>solar</name>
		<pose>Unspecified</pose>
		<truncated>0</truncated>
		<difficult>0</difficult>
		<bndbox>
			<xmin>290</xmin>
			<ymin>282</ymin>
			<xmax>522</xmax>
			<ymax>391</ymax>
		</bndbox>
	</object>
	<object>
		<name>solar</name>
		<pose>Unspecified</pose>
		<truncated>0</truncated>
		<difficult>0</difficult>
		<bndbox>
			<xmin>658</xmin>
			<ymin>650</ymin>
			<xmax>704</xmax>
			<ymax>693</ymax>
		</bndbox>
	</object>
</annotation>
