<annotation>
	<folder>sol2</folder>
	<filename>solar_34.JPG</filename>
	<path>C:\temp\sol2\solar_34.JPG</path>
	<source>
		<database>Unknown</database>
	</source>
	<size>
		<width>901</width>
		<height>791</height>
		<depth>3</depth>
	</size>
	<segmented>0</segmented>
	<object>
		<name>solar</name>
		<pose>Unspecified</pose>
		<truncated>0</truncated>
		<difficult>0</difficult>
		<bndbox>
			<xmin>119</xmin>
			<ymin>289</ymin>
			<xmax>230</xmax>
			<ymax>361</ymax>
		</bndbox>
	</object>
	<object>
		<name>solar</name>
		<pose>Unspecified</pose>
		<truncated>0</truncated>
		<difficult>0</difficult>
		<bndbox>
			<xmin>99</xmin>
			<ymin>541</ymin>
			<xmax>183</xmax>
			<ymax>603</ymax>
		</bndbox>
	</object>
</annotation>
