<annotation>
	<folder>sol2</folder>
	<filename>solar_54.JPG</filename>
	<path>C:\temp\sol2\solar_54.JPG</path>
	<source>
		<database>Unknown</database>
	</source>
	<size>
		<width>901</width>
		<height>791</height>
		<depth>3</depth>
	</size>
	<segmented>0</segmented>
	<object>
		<name>solar</name>
		<pose>Unspecified</pose>
		<truncated>1</truncated>
		<difficult>0</difficult>
		<bndbox>
			<xmin>1</xmin>
			<ymin>350</ymin>
			<xmax>131</xmax>
			<ymax>789</ymax>
		</bndbox>
	</object>
	<object>
		<name>solar</name>
		<pose>Unspecified</pose>
		<truncated>1</truncated>
		<difficult>0</difficult>
		<bndbox>
			<xmin>175</xmin>
			<ymin>325</ymin>
			<xmax>341</xmax>
			<ymax>791</ymax>
		</bndbox>
	</object>
	<object>
		<name>solar</name>
		<pose>Unspecified</pose>
		<truncated>1</truncated>
		<difficult>0</difficult>
		<bndbox>
			<xmin>796</xmin>
			<ymin>233</ymin>
			<xmax>901</xmax>
			<ymax>521</ymax>
		</bndbox>
	</object>
</annotation>
