<annotation>
	<folder>sol2</folder>
	<filename>solar_245.JPG</filename>
	<path>C:\temp\sol2\solar_245.JPG</path>
	<source>
		<database>Unknown</database>
	</source>
	<size>
		<width>901</width>
		<height>791</height>
		<depth>3</depth>
	</size>
	<segmented>0</segmented>
	<object>
		<name>solar</name>
		<pose>Unspecified</pose>
		<truncated>0</truncated>
		<difficult>0</difficult>
		<bndbox>
			<xmin>281</xmin>
			<ymin>149</ymin>
			<xmax>373</xmax>
			<ymax>264</ymax>
		</bndbox>
	</object>
</annotation>
