<annotation>
	<folder>sol2</folder>
	<filename>solar_69.JPG</filename>
	<path>C:\temp\sol2\solar_69.JPG</path>
	<source>
		<database>Unknown</database>
	</source>
	<size>
		<width>901</width>
		<height>791</height>
		<depth>3</depth>
	</size>
	<segmented>0</segmented>
	<object>
		<name>solar</name>
		<pose>Unspecified</pose>
		<truncated>1</truncated>
		<difficult>0</difficult>
		<bndbox>
			<xmin>849</xmin>
			<ymin>451</ymin>
			<xmax>901</xmax>
			<ymax>509</ymax>
		</bndbox>
	</object>
	<object>
		<name>solar</name>
		<pose>Unspecified</pose>
		<truncated>0</truncated>
		<difficult>0</difficult>
		<bndbox>
			<xmin>124</xmin>
			<ymin>483</ymin>
			<xmax>179</xmax>
			<ymax>519</ymax>
		</bndbox>
	</object>
</annotation>
