<annotation>
	<folder>sol2</folder>
	<filename>solar_281.JPG</filename>
	<path>C:\temp\sol2\solar_281.JPG</path>
	<source>
		<database>Unknown</database>
	</source>
	<size>
		<width>901</width>
		<height>791</height>
		<depth>3</depth>
	</size>
	<segmented>0</segmented>
	<object>
		<name>solar</name>
		<pose>Unspecified</pose>
		<truncated>0</truncated>
		<difficult>0</difficult>
		<bndbox>
			<xmin>663</xmin>
			<ymin>108</ymin>
			<xmax>811</xmax>
			<ymax>194</ymax>
		</bndbox>
	</object>
	<object>
		<name>solar</name>
		<pose>Unspecified</pose>
		<truncated>0</truncated>
		<difficult>0</difficult>
		<bndbox>
			<xmin>611</xmin>
			<ymin>405</ymin>
			<xmax>762</xmax>
			<ymax>542</ymax>
		</bndbox>
	</object>
</annotation>
