<annotation>
	<folder>sol2</folder>
	<filename>solar_88.JPG</filename>
	<path>C:\temp\sol2\solar_88.JPG</path>
	<source>
		<database>Unknown</database>
	</source>
	<size>
		<width>901</width>
		<height>791</height>
		<depth>3</depth>
	</size>
	<segmented>0</segmented>
	<object>
		<name>solar</name>
		<pose>Unspecified</pose>
		<truncated>0</truncated>
		<difficult>0</difficult>
		<bndbox>
			<xmin>179</xmin>
			<ymin>226</ymin>
			<xmax>342</xmax>
			<ymax>364</ymax>
		</bndbox>
	</object>
	<object>
		<name>solar</name>
		<pose>Unspecified</pose>
		<truncated>0</truncated>
		<difficult>0</difficult>
		<bndbox>
			<xmin>343</xmin>
			<ymin>291</ymin>
			<xmax>416</xmax>
			<ymax>373</ymax>
		</bndbox>
	</object>
</annotation>
