<annotation>
	<folder>sol2</folder>
	<filename>solar_185.JPG</filename>
	<path>C:\temp\sol2\solar_185.JPG</path>
	<source>
		<database>Unknown</database>
	</source>
	<size>
		<width>901</width>
		<height>791</height>
		<depth>3</depth>
	</size>
	<segmented>0</segmented>
	<object>
		<name>solar</name>
		<pose>Unspecified</pose>
		<truncated>0</truncated>
		<difficult>0</difficult>
		<bndbox>
			<xmin>242</xmin>
			<ymin>251</ymin>
			<xmax>443</xmax>
			<ymax>419</ymax>
		</bndbox>
	</object>
	<object>
		<name>solar</name>
		<pose>Unspecified</pose>
		<truncated>0</truncated>
		<difficult>0</difficult>
		<bndbox>
			<xmin>21</xmin>
			<ymin>252</ymin>
			<xmax>216</xmax>
			<ymax>535</ymax>
		</bndbox>
	</object>
</annotation>
