<annotation>
	<folder>sol2</folder>
	<filename>solar_244.JPG</filename>
	<path>C:\temp\sol2\solar_244.JPG</path>
	<source>
		<database>Unknown</database>
	</source>
	<size>
		<width>901</width>
		<height>791</height>
		<depth>3</depth>
	</size>
	<segmented>0</segmented>
	<object>
		<name>solar</name>
		<pose>Unspecified</pose>
		<truncated>0</truncated>
		<difficult>0</difficult>
		<bndbox>
			<xmin>600</xmin>
			<ymin>108</ymin>
			<xmax>658</xmax>
			<ymax>163</ymax>
		</bndbox>
	</object>
	<object>
		<name>solar</name>
		<pose>Unspecified</pose>
		<truncated>0</truncated>
		<difficult>0</difficult>
		<bndbox>
			<xmin>674</xmin>
			<ymin>451</ymin>
			<xmax>725</xmax>
			<ymax>510</ymax>
		</bndbox>
	</object>
</annotation>
