<annotation>
	<folder>sol2</folder>
	<filename>solar_177.JPG</filename>
	<path>C:\temp\sol2\solar_177.JPG</path>
	<source>
		<database>Unknown</database>
	</source>
	<size>
		<width>901</width>
		<height>791</height>
		<depth>3</depth>
	</size>
	<segmented>0</segmented>
	<object>
		<name>solar</name>
		<pose>Unspecified</pose>
		<truncated>0</truncated>
		<difficult>0</difficult>
		<bndbox>
			<xmin>534</xmin>
			<ymin>458</ymin>
			<xmax>636</xmax>
			<ymax>553</ymax>
		</bndbox>
	</object>
	<object>
		<name>solar</name>
		<pose>Unspecified</pose>
		<truncated>0</truncated>
		<difficult>0</difficult>
		<bndbox>
			<xmin>461</xmin>
			<ymin>535</ymin>
			<xmax>515</xmax>
			<ymax>587</ymax>
		</bndbox>
	</object>
</annotation>
