<annotation>
	<folder>sol2</folder>
	<filename>solar_61.JPG</filename>
	<path>C:\temp\sol2\solar_61.JPG</path>
	<source>
		<database>Unknown</database>
	</source>
	<size>
		<width>901</width>
		<height>791</height>
		<depth>3</depth>
	</size>
	<segmented>0</segmented>
	<object>
		<name>solar</name>
		<pose>Unspecified</pose>
		<truncated>1</truncated>
		<difficult>0</difficult>
		<bndbox>
			<xmin>175</xmin>
			<ymin>499</ymin>
			<xmax>364</xmax>
			<ymax>791</ymax>
		</bndbox>
	</object>
	<object>
		<name>solar</name>
		<pose>Unspecified</pose>
		<truncated>1</truncated>
		<difficult>0</difficult>
		<bndbox>
			<xmin>732</xmin>
			<ymin>701</ymin>
			<xmax>852</xmax>
			<ymax>791</ymax>
		</bndbox>
	</object>
	<object>
		<name>solar</name>
		<pose>Unspecified</pose>
		<truncated>1</truncated>
		<difficult>0</difficult>
		<bndbox>
			<xmin>843</xmin>
			<ymin>599</ymin>
			<xmax>901</xmax>
			<ymax>726</ymax>
		</bndbox>
	</object>
	<object>
		<name>solar</name>
		<pose>Unspecified</pose>
		<truncated>0</truncated>
		<difficult>0</difficult>
		<bndbox>
			<xmin>719</xmin>
			<ymin>551</ymin>
			<xmax>827</xmax>
			<ymax>679</ymax>
		</bndbox>
	</object>
	<object>
		<name>solar</name>
		<pose>Unspecified</pose>
		<truncated>1</truncated>
		<difficult>0</difficult>
		<bndbox>
			<xmin>815</xmin>
			<ymin>270</ymin>
			<xmax>901</xmax>
			<ymax>486</ymax>
		</bndbox>
	</object>
</annotation>
