<annotation>
	<folder>sol2</folder>
	<filename>solar_261.JPG</filename>
	<path>C:\temp\sol2\solar_261.JPG</path>
	<source>
		<database>Unknown</database>
	</source>
	<size>
		<width>901</width>
		<height>791</height>
		<depth>3</depth>
	</size>
	<segmented>0</segmented>
	<object>
		<name>solar</name>
		<pose>Unspecified</pose>
		<truncated>0</truncated>
		<difficult>0</difficult>
		<bndbox>
			<xmin>342</xmin>
			<ymin>493</ymin>
			<xmax>421</xmax>
			<ymax>521</ymax>
		</bndbox>
	</object>
	<object>
		<name>solar</name>
		<pose>Unspecified</pose>
		<truncated>0</truncated>
		<difficult>0</difficult>
		<bndbox>
			<xmin>347</xmin>
			<ymin>534</ymin>
			<xmax>428</xmax>
			<ymax>562</ymax>
		</bndbox>
	</object>
</annotation>
