<annotation>
	<folder>sol2</folder>
	<filename>solar_89.JPG</filename>
	<path>C:\temp\sol2\solar_89.JPG</path>
	<source>
		<database>Unknown</database>
	</source>
	<size>
		<width>901</width>
		<height>791</height>
		<depth>3</depth>
	</size>
	<segmented>0</segmented>
	<object>
		<name>solar</name>
		<pose>Unspecified</pose>
		<truncated>0</truncated>
		<difficult>0</difficult>
		<bndbox>
			<xmin>389</xmin>
			<ymin>378</ymin>
			<xmax>553</xmax>
			<ymax>451</ymax>
		</bndbox>
	</object>
	<object>
		<name>solar</name>
		<pose>Unspecified</pose>
		<truncated>0</truncated>
		<difficult>0</difficult>
		<bndbox>
			<xmin>553</xmin>
			<ymin>368</ymin>
			<xmax>654</xmax>
			<ymax>477</ymax>
		</bndbox>
	</object>
</annotation>
