<annotation>
	<folder>sol2</folder>
	<filename>solar_278.JPG</filename>
	<path>C:\temp\sol2\solar_278.JPG</path>
	<source>
		<database>Unknown</database>
	</source>
	<size>
		<width>901</width>
		<height>791</height>
		<depth>3</depth>
	</size>
	<segmented>0</segmented>
	<object>
		<name>solar</name>
		<pose>Unspecified</pose>
		<truncated>0</truncated>
		<difficult>0</difficult>
		<bndbox>
			<xmin>582</xmin>
			<ymin>445</ymin>
			<xmax>823</xmax>
			<ymax>614</ymax>
		</bndbox>
	</object>
	<object>
		<name>solar</name>
		<pose>Unspecified</pose>
		<truncated>0</truncated>
		<difficult>0</difficult>
		<bndbox>
			<xmin>573</xmin>
			<ymin>439</ymin>
			<xmax>714</xmax>
			<ymax>547</ymax>
		</bndbox>
	</object>
	<object>
		<name>solar</name>
		<pose>Unspecified</pose>
		<truncated>0</truncated>
		<difficult>0</difficult>
		<bndbox>
			<xmin>700</xmin>
			<ymin>515</ymin>
			<xmax>824</xmax>
			<ymax>611</ymax>
		</bndbox>
	</object>
</annotation>
