<annotation>
	<folder>sol2</folder>
	<filename>solar_71.JPG</filename>
	<path>C:\temp\sol2\solar_71.JPG</path>
	<source>
		<database>Unknown</database>
	</source>
	<size>
		<width>901</width>
		<height>791</height>
		<depth>3</depth>
	</size>
	<segmented>0</segmented>
	<object>
		<name>solar</name>
		<pose>Unspecified</pose>
		<truncated>0</truncated>
		<difficult>0</difficult>
		<bndbox>
			<xmin>5</xmin>
			<ymin>315</ymin>
			<xmax>67</xmax>
			<ymax>417</ymax>
		</bndbox>
	</object>
	<object>
		<name>solar</name>
		<pose>Unspecified</pose>
		<truncated>0</truncated>
		<difficult>0</difficult>
		<bndbox>
			<xmin>161</xmin>
			<ymin>100</ymin>
			<xmax>197</xmax>
			<ymax>157</ymax>
		</bndbox>
	</object>
	<object>
		<name>solar</name>
		<pose>Unspecified</pose>
		<truncated>0</truncated>
		<difficult>0</difficult>
		<bndbox>
			<xmin>148</xmin>
			<ymin>171</ymin>
			<xmax>184</xmax>
			<ymax>231</ymax>
		</bndbox>
	</object>
	<object>
		<name>solar</name>
		<pose>Unspecified</pose>
		<truncated>0</truncated>
		<difficult>0</difficult>
		<bndbox>
			<xmin>337</xmin>
			<ymin>128</ymin>
			<xmax>405</xmax>
			<ymax>164</ymax>
		</bndbox>
	</object>
	<object>
		<name>solar</name>
		<pose>Unspecified</pose>
		<truncated>0</truncated>
		<difficult>0</difficult>
		<bndbox>
			<xmin>405</xmin>
			<ymin>141</ymin>
			<xmax>473</xmax>
			<ymax>179</ymax>
		</bndbox>
	</object>
	<object>
		<name>solar</name>
		<pose>Unspecified</pose>
		<truncated>0</truncated>
		<difficult>0</difficult>
		<bndbox>
			<xmin>536</xmin>
			<ymin>163</ymin>
			<xmax>605</xmax>
			<ymax>200</ymax>
		</bndbox>
	</object>
	<object>
		<name>solar</name>
		<pose>Unspecified</pose>
		<truncated>0</truncated>
		<difficult>0</difficult>
		<bndbox>
			<xmin>605</xmin>
			<ymin>177</ymin>
			<xmax>674</xmax>
			<ymax>214</ymax>
		</bndbox>
	</object>
	<object>
		<name>solar</name>
		<pose>Unspecified</pose>
		<truncated>0</truncated>
		<difficult>0</difficult>
		<bndbox>
			<xmin>783</xmin>
			<ymin>205</ymin>
			<xmax>848</xmax>
			<ymax>249</ymax>
		</bndbox>
	</object>
	<object>
		<name>solar</name>
		<pose>Unspecified</pose>
		<truncated>1</truncated>
		<difficult>0</difficult>
		<bndbox>
			<xmin>854</xmin>
			<ymin>223</ymin>
			<xmax>901</xmax>
			<ymax>257</ymax>
		</bndbox>
	</object>
</annotation>
