<annotation>
	<folder>sol2</folder>
	<filename>solar_25.JPG</filename>
	<path>C:\temp\sol2\solar_25.JPG</path>
	<source>
		<database>Unknown</database>
	</source>
	<size>
		<width>901</width>
		<height>791</height>
		<depth>3</depth>
	</size>
	<segmented>0</segmented>
	<object>
		<name>solar</name>
		<pose>Unspecified</pose>
		<truncated>0</truncated>
		<difficult>0</difficult>
		<bndbox>
			<xmin>745</xmin>
			<ymin>273</ymin>
			<xmax>877</xmax>
			<ymax>381</ymax>
		</bndbox>
	</object>
	<object>
		<name>solar</name>
		<pose>Unspecified</pose>
		<truncated>0</truncated>
		<difficult>0</difficult>
		<bndbox>
			<xmin>554</xmin>
			<ymin>77</ymin>
			<xmax>600</xmax>
			<ymax>124</ymax>
		</bndbox>
	</object>
</annotation>
