<annotation>
	<folder>sol2</folder>
	<filename>solar_196.JPG</filename>
	<path>C:\temp\sol2\solar_196.JPG</path>
	<source>
		<database>Unknown</database>
	</source>
	<size>
		<width>901</width>
		<height>791</height>
		<depth>3</depth>
	</size>
	<segmented>0</segmented>
	<object>
		<name>solar</name>
		<pose>Unspecified</pose>
		<truncated>0</truncated>
		<difficult>0</difficult>
		<bndbox>
			<xmin>491</xmin>
			<ymin>126</ymin>
			<xmax>850</xmax>
			<ymax>258</ymax>
		</bndbox>
	</object>
	<object>
		<name>solar</name>
		<pose>Unspecified</pose>
		<truncated>0</truncated>
		<difficult>0</difficult>
		<bndbox>
			<xmin>253</xmin>
			<ymin>101</ymin>
			<xmax>475</xmax>
			<ymax>216</ymax>
		</bndbox>
	</object>
	<object>
		<name>solar</name>
		<pose>Unspecified</pose>
		<truncated>0</truncated>
		<difficult>0</difficult>
		<bndbox>
			<xmin>158</xmin>
			<ymin>54</ymin>
			<xmax>236</xmax>
			<ymax>136</ymax>
		</bndbox>
	</object>
</annotation>
