<annotation>
	<folder>sol2</folder>
	<filename>solar_81.JPG</filename>
	<path>C:\temp\sol2\solar_81.JPG</path>
	<source>
		<database>Unknown</database>
	</source>
	<size>
		<width>901</width>
		<height>791</height>
		<depth>3</depth>
	</size>
	<segmented>0</segmented>
	<object>
		<name>solar</name>
		<pose>Unspecified</pose>
		<truncated>1</truncated>
		<difficult>0</difficult>
		<bndbox>
			<xmin>801</xmin>
			<ymin>302</ymin>
			<xmax>901</xmax>
			<ymax>408</ymax>
		</bndbox>
	</object>
	<object>
		<name>solar</name>
		<pose>Unspecified</pose>
		<truncated>0</truncated>
		<difficult>0</difficult>
		<bndbox>
			<xmin>68</xmin>
			<ymin>103</ymin>
			<xmax>105</xmax>
			<ymax>168</ymax>
		</bndbox>
	</object>
	<object>
		<name>solar</name>
		<pose>Unspecified</pose>
		<truncated>0</truncated>
		<difficult>0</difficult>
		<bndbox>
			<xmin>43</xmin>
			<ymin>217</ymin>
			<xmax>81</xmax>
			<ymax>280</ymax>
		</bndbox>
	</object>
</annotation>
