<annotation>
	<folder>sol2</folder>
	<filename>solar_206.JPG</filename>
	<path>C:\temp\sol2\solar_206.JPG</path>
	<source>
		<database>Unknown</database>
	</source>
	<size>
		<width>901</width>
		<height>791</height>
		<depth>3</depth>
	</size>
	<segmented>0</segmented>
	<object>
		<name>solar</name>
		<pose>Unspecified</pose>
		<truncated>0</truncated>
		<difficult>0</difficult>
		<bndbox>
			<xmin>384</xmin>
			<ymin>136</ymin>
			<xmax>568</xmax>
			<ymax>181</ymax>
		</bndbox>
	</object>
	<object>
		<name>solar</name>
		<pose>Unspecified</pose>
		<truncated>0</truncated>
		<difficult>0</difficult>
		<bndbox>
			<xmin>145</xmin>
			<ymin>716</ymin>
			<xmax>229</xmax>
			<ymax>767</ymax>
		</bndbox>
	</object>
</annotation>
