<annotation>
	<folder>sol2</folder>
	<filename>solar_70.JPG</filename>
	<path>C:\temp\sol2\solar_70.JPG</path>
	<source>
		<database>Unknown</database>
	</source>
	<size>
		<width>901</width>
		<height>791</height>
		<depth>3</depth>
	</size>
	<segmented>0</segmented>
	<object>
		<name>solar</name>
		<pose>Unspecified</pose>
		<truncated>0</truncated>
		<difficult>0</difficult>
		<bndbox>
			<xmin>245</xmin>
			<ymin>516</ymin>
			<xmax>308</xmax>
			<ymax>616</ymax>
		</bndbox>
	</object>
	<object>
		<name>solar</name>
		<pose>Unspecified</pose>
		<truncated>0</truncated>
		<difficult>0</difficult>
		<bndbox>
			<xmin>329</xmin>
			<ymin>140</ymin>
			<xmax>371</xmax>
			<ymax>199</ymax>
		</bndbox>
	</object>
	<object>
		<name>solar</name>
		<pose>Unspecified</pose>
		<truncated>0</truncated>
		<difficult>0</difficult>
		<bndbox>
			<xmin>397</xmin>
			<ymin>303</ymin>
			<xmax>440</xmax>
			<ymax>357</ymax>
		</bndbox>
	</object>
	<object>
		<name>solar</name>
		<pose>Unspecified</pose>
		<truncated>0</truncated>
		<difficult>0</difficult>
		<bndbox>
			<xmin>389</xmin>
			<ymin>376</ymin>
			<xmax>427</xmax>
			<ymax>431</ymax>
		</bndbox>
	</object>
	<object>
		<name>solar</name>
		<pose>Unspecified</pose>
		<truncated>0</truncated>
		<difficult>0</difficult>
		<bndbox>
			<xmin>584</xmin>
			<ymin>328</ymin>
			<xmax>640</xmax>
			<ymax>366</ymax>
		</bndbox>
	</object>
	<object>
		<name>solar</name>
		<pose>Unspecified</pose>
		<truncated>0</truncated>
		<difficult>0</difficult>
		<bndbox>
			<xmin>649</xmin>
			<ymin>340</ymin>
			<xmax>716</xmax>
			<ymax>380</ymax>
		</bndbox>
	</object>
	<object>
		<name>solar</name>
		<pose>Unspecified</pose>
		<truncated>0</truncated>
		<difficult>0</difficult>
		<bndbox>
			<xmin>776</xmin>
			<ymin>363</ymin>
			<xmax>840</xmax>
			<ymax>402</ymax>
		</bndbox>
	</object>
	<object>
		<name>solar</name>
		<pose>Unspecified</pose>
		<truncated>1</truncated>
		<difficult>0</difficult>
		<bndbox>
			<xmin>847</xmin>
			<ymin>378</ymin>
			<xmax>901</xmax>
			<ymax>413</ymax>
		</bndbox>
	</object>
	<object>
		<name>solar</name>
		<pose>Unspecified</pose>
		<truncated>0</truncated>
		<difficult>0</difficult>
		<bndbox>
			<xmin>798</xmin>
			<ymin>25</ymin>
			<xmax>858</xmax>
			<ymax>70</ymax>
		</bndbox>
	</object>
	<object>
		<name>solar</name>
		<pose>Unspecified</pose>
		<truncated>0</truncated>
		<difficult>0</difficult>
		<bndbox>
			<xmin>735</xmin>
			<ymin>15</ymin>
			<xmax>779</xmax>
			<ymax>55</ymax>
		</bndbox>
	</object>
</annotation>
