<annotation>
	<folder>sol2</folder>
	<filename>solar_269.JPG</filename>
	<path>C:\temp\sol2\solar_269.JPG</path>
	<source>
		<database>Unknown</database>
	</source>
	<size>
		<width>901</width>
		<height>791</height>
		<depth>3</depth>
	</size>
	<segmented>0</segmented>
	<object>
		<name>solar</name>
		<pose>Unspecified</pose>
		<truncated>0</truncated>
		<difficult>0</difficult>
		<bndbox>
			<xmin>280</xmin>
			<ymin>445</ymin>
			<xmax>342</xmax>
			<ymax>498</ymax>
		</bndbox>
	</object>
	<object>
		<name>solar</name>
		<pose>Unspecified</pose>
		<truncated>0</truncated>
		<difficult>0</difficult>
		<bndbox>
			<xmin>431</xmin>
			<ymin>615</ymin>
			<xmax>496</xmax>
			<ymax>672</ymax>
		</bndbox>
	</object>
</annotation>
