<annotation>
	<folder>sol2</folder>
	<filename>solar_60.JPG</filename>
	<path>C:\temp\sol2\solar_60.JPG</path>
	<source>
		<database>Unknown</database>
	</source>
	<size>
		<width>901</width>
		<height>791</height>
		<depth>3</depth>
	</size>
	<segmented>0</segmented>
	<object>
		<name>solar</name>
		<pose>Unspecified</pose>
		<truncated>0</truncated>
		<difficult>0</difficult>
		<bndbox>
			<xmin>725</xmin>
			<ymin>375</ymin>
			<xmax>806</xmax>
			<ymax>552</ymax>
		</bndbox>
	</object>
	<object>
		<name>solar</name>
		<pose>Unspecified</pose>
		<truncated>0</truncated>
		<difficult>0</difficult>
		<bndbox>
			<xmin>818</xmin>
			<ymin>412</ymin>
			<xmax>889</xmax>
			<ymax>542</ymax>
		</bndbox>
	</object>
</annotation>
