<annotation>
	<folder>sol2</folder>
	<filename>solar_178.JPG</filename>
	<path>C:\temp\sol2\solar_178.JPG</path>
	<source>
		<database>Unknown</database>
	</source>
	<size>
		<width>901</width>
		<height>791</height>
		<depth>3</depth>
	</size>
	<segmented>0</segmented>
	<object>
		<name>solar</name>
		<pose>Unspecified</pose>
		<truncated>1</truncated>
		<difficult>0</difficult>
		<bndbox>
			<xmin>1</xmin>
			<ymin>152</ymin>
			<xmax>228</xmax>
			<ymax>310</ymax>
		</bndbox>
	</object>
	<object>
		<name>solar</name>
		<pose>Unspecified</pose>
		<truncated>0</truncated>
		<difficult>0</difficult>
		<bndbox>
			<xmin>182</xmin>
			<ymin>538</ymin>
			<xmax>399</xmax>
			<ymax>705</ymax>
		</bndbox>
	</object>
	<object>
		<name>solar</name>
		<pose>Unspecified</pose>
		<truncated>0</truncated>
		<difficult>0</difficult>
		<bndbox>
			<xmin>474</xmin>
			<ymin>236</ymin>
			<xmax>582</xmax>
			<ymax>317</ymax>
		</bndbox>
	</object>
</annotation>
