<annotation>
	<folder>sol2</folder>
	<filename>solar_101.JPG</filename>
	<path>C:\temp\sol2\solar_101.JPG</path>
	<source>
		<database>Unknown</database>
	</source>
	<size>
		<width>901</width>
		<height>791</height>
		<depth>3</depth>
	</size>
	<segmented>0</segmented>
	<object>
		<name>solar</name>
		<pose>Unspecified</pose>
		<truncated>0</truncated>
		<difficult>0</difficult>
		<bndbox>
			<xmin>163</xmin>
			<ymin>68</ymin>
			<xmax>213</xmax>
			<ymax>144</ymax>
		</bndbox>
	</object>
	<object>
		<name>solar</name>
		<pose>Unspecified</pose>
		<truncated>0</truncated>
		<difficult>0</difficult>
		<bndbox>
			<xmin>102</xmin>
			<ymin>388</ymin>
			<xmax>145</xmax>
			<ymax>448</ymax>
		</bndbox>
	</object>
	<object>
		<name>solar</name>
		<pose>Unspecified</pose>
		<truncated>0</truncated>
		<difficult>0</difficult>
		<bndbox>
			<xmin>500</xmin>
			<ymin>673</ymin>
			<xmax>558</xmax>
			<ymax>719</ymax>
		</bndbox>
	</object>
</annotation>
