<annotation>
	<folder>sol2</folder>
	<filename>solar_173.JPG</filename>
	<path>C:\temp\sol2\solar_173.JPG</path>
	<source>
		<database>Unknown</database>
	</source>
	<size>
		<width>901</width>
		<height>791</height>
		<depth>3</depth>
	</size>
	<segmented>0</segmented>
	<object>
		<name>solar</name>
		<pose>Unspecified</pose>
		<truncated>0</truncated>
		<difficult>0</difficult>
		<bndbox>
			<xmin>10</xmin>
			<ymin>359</ymin>
			<xmax>100</xmax>
			<ymax>458</ymax>
		</bndbox>
	</object>
</annotation>
