<annotation>
	<folder>sol2</folder>
	<filename>solar_141.JPG</filename>
	<path>C:\temp\sol2\solar_141.JPG</path>
	<source>
		<database>Unknown</database>
	</source>
	<size>
		<width>901</width>
		<height>791</height>
		<depth>3</depth>
	</size>
	<segmented>0</segmented>
	<object>
		<name>solar</name>
		<pose>Unspecified</pose>
		<truncated>0</truncated>
		<difficult>0</difficult>
		<bndbox>
			<xmin>83</xmin>
			<ymin>379</ymin>
			<xmax>157</xmax>
			<ymax>436</ymax>
		</bndbox>
	</object>
</annotation>
