<annotation>
	<folder>sol2</folder>
	<filename>solar_112.JPG</filename>
	<path>C:\temp\sol2\solar_112.JPG</path>
	<source>
		<database>Unknown</database>
	</source>
	<size>
		<width>901</width>
		<height>791</height>
		<depth>3</depth>
	</size>
	<segmented>0</segmented>
	<object>
		<name>solar</name>
		<pose>Unspecified</pose>
		<truncated>0</truncated>
		<difficult>0</difficult>
		<bndbox>
			<xmin>198</xmin>
			<ymin>313</ymin>
			<xmax>405</xmax>
			<ymax>402</ymax>
		</bndbox>
	</object>
	<object>
		<name>solar</name>
		<pose>Unspecified</pose>
		<truncated>0</truncated>
		<difficult>0</difficult>
		<bndbox>
			<xmin>241</xmin>
			<ymin>423</ymin>
			<xmax>348</xmax>
			<ymax>470</ymax>
		</bndbox>
	</object>
	<object>
		<name>solar</name>
		<pose>Unspecified</pose>
		<truncated>0</truncated>
		<difficult>0</difficult>
		<bndbox>
			<xmin>342</xmin>
			<ymin>452</ymin>
			<xmax>420</xmax>
			<ymax>514</ymax>
		</bndbox>
	</object>
</annotation>
