<annotation>
	<folder>sol2</folder>
	<filename>solar_75.JPG</filename>
	<path>C:\temp\sol2\solar_75.JPG</path>
	<source>
		<database>Unknown</database>
	</source>
	<size>
		<width>901</width>
		<height>791</height>
		<depth>3</depth>
	</size>
	<segmented>0</segmented>
	<object>
		<name>solar</name>
		<pose>Unspecified</pose>
		<truncated>0</truncated>
		<difficult>0</difficult>
		<bndbox>
			<xmin>734</xmin>
			<ymin>352</ymin>
			<xmax>889</xmax>
			<ymax>434</ymax>
		</bndbox>
	</object>
	<object>
		<name>solar</name>
		<pose>Unspecified</pose>
		<truncated>0</truncated>
		<difficult>0</difficult>
		<bndbox>
			<xmin>139</xmin>
			<ymin>476</ymin>
			<xmax>224</xmax>
			<ymax>525</ymax>
		</bndbox>
	</object>
</annotation>
