<annotation>
	<folder>sol2</folder>
	<filename>solar_168.JPG</filename>
	<path>C:\temp\sol2\solar_168.JPG</path>
	<source>
		<database>Unknown</database>
	</source>
	<size>
		<width>901</width>
		<height>791</height>
		<depth>3</depth>
	</size>
	<segmented>0</segmented>
	<object>
		<name>solar</name>
		<pose>Unspecified</pose>
		<truncated>0</truncated>
		<difficult>0</difficult>
		<bndbox>
			<xmin>280</xmin>
			<ymin>672</ymin>
			<xmax>361</xmax>
			<ymax>779</ymax>
		</bndbox>
	</object>
	<object>
		<name>solar</name>
		<pose>Unspecified</pose>
		<truncated>0</truncated>
		<difficult>0</difficult>
		<bndbox>
			<xmin>351</xmin>
			<ymin>94</ymin>
			<xmax>395</xmax>
			<ymax>155</ymax>
		</bndbox>
	</object>
	<object>
		<name>solar</name>
		<pose>Unspecified</pose>
		<truncated>0</truncated>
		<difficult>0</difficult>
		<bndbox>
			<xmin>106</xmin>
			<ymin>206</ymin>
			<xmax>152</xmax>
			<ymax>246</ymax>
		</bndbox>
	</object>
</annotation>
