<annotation>
	<folder>sol2</folder>
	<filename>solar_243.JPG</filename>
	<path>C:\temp\sol2\solar_243.JPG</path>
	<source>
		<database>Unknown</database>
	</source>
	<size>
		<width>901</width>
		<height>791</height>
		<depth>3</depth>
	</size>
	<segmented>0</segmented>
	<object>
		<name>solar</name>
		<pose>Unspecified</pose>
		<truncated>0</truncated>
		<difficult>0</difficult>
		<bndbox>
			<xmin>295</xmin>
			<ymin>463</ymin>
			<xmax>370</xmax>
			<ymax>558</ymax>
		</bndbox>
	</object>
	<object>
		<name>solar</name>
		<pose>Unspecified</pose>
		<truncated>0</truncated>
		<difficult>0</difficult>
		<bndbox>
			<xmin>375</xmin>
			<ymin>496</ymin>
			<xmax>442</xmax>
			<ymax>581</ymax>
		</bndbox>
	</object>
	<object>
		<name>solar</name>
		<pose>Unspecified</pose>
		<truncated>0</truncated>
		<difficult>0</difficult>
		<bndbox>
			<xmin>110</xmin>
			<ymin>534</ymin>
			<xmax>166</xmax>
			<ymax>580</ymax>
		</bndbox>
	</object>
</annotation>
